chunksize	min_s	median_s	max_s
auto	57.74457925371826	57.76078815758228	58.335317719727755
1	1240.855915741995	1243.140098342672	1274.9118186198175
4	342.1868680473417	346.37461911700666	348.3157280590385
8	191.3220151141286	192.98669191077352	193.2183741927147
16	116.92649587616324	116.9486490059644	120.10231201909482
32	80.3399194125086	80.52235794439912	80.56242760457098
64	61.90157666429877	61.94169178418815	62.07819389924407
128	52.91962325014174	53.05512570030987	53.17342897132039
256	49.113656748086214	51.21180722489953	51.78954907134175
